<?xml version="1.0"?>
<configuration date="2016/03/07" author="e.World Technology Ltd.">
<project id="{E654CCD7-163B-4B2E-BFA7-AC8697684A42}" file="D:\Users\ccazraee\Documents\PHPMaker\Projects\JIT Info AppV4.6 2016-02-22.pmp" name="JIT_Info_AppV4_6_20162D022D22" product="PHPMaker" version="12.0" datetime="2016/03/07 12:33:19" languagefolder="phplang" userlevel="-2,&quot;Anonymous&quot;,0;0,&quot;Default&quot;,0;1,&quot;Managers&quot;,111;2,&quot;FLEs&quot;,109">
<table id="audit" name="audit" caption="Audit" userlevel="-2,&quot;Anonymous&quot;,0;0,&quot;Default&quot;,0;1,&quot;Managers&quot;,0;2,&quot;FLEs&quot;,109" priv="1"/>
<table id="audittrail" name="audittrail" caption="Audit Trail" userlevel="-2,&quot;Anonymous&quot;,0;0,&quot;Default&quot;,0;1,&quot;Managers&quot;,0;2,&quot;FLEs&quot;,109" priv="1"/>
<table id="budget" name="budget" caption="Budget" userlevel="-2,&quot;Anonymous&quot;,0;0,&quot;Default&quot;,0;1,&quot;Managers&quot;,0;2,&quot;FLEs&quot;,109" priv="1"/>
<table id="bugreport" name="bugreport" caption="Bug Report" userlevel="-2,&quot;Anonymous&quot;,0;0,&quot;Default&quot;,0;1,&quot;Managers&quot;,0;2,&quot;FLEs&quot;,109" priv="1"/>
<table id="class" name="class" caption="Training Class" userlevel="-2,&quot;Anonymous&quot;,0;0,&quot;Default&quot;,0;1,&quot;Managers&quot;,0;2,&quot;FLEs&quot;,109" priv="1"/>
<table id="committee" name="committee" caption="Committee" userlevel="-2,&quot;Anonymous&quot;,0;0,&quot;Default&quot;,0;1,&quot;Managers&quot;,0;2,&quot;FLEs&quot;,109" priv="1"/>
<table id="invoices" name="invoices" caption="Invoices" userlevel="-2,&quot;Anonymous&quot;,0;0,&quot;Default&quot;,0;1,&quot;Managers&quot;,0;2,&quot;FLEs&quot;,109" priv="1"/>
<table id="lkp_class_categories" name="lkp_class_categories" caption="Lookup Class Categories" userlevel="-2,&quot;Anonymous&quot;,0;0,&quot;Default&quot;,0;1,&quot;Managers&quot;,0;2,&quot;FLEs&quot;,109" priv="1"/>
<table id="lkp_project_categories" name="lkp_project_categories" caption="Lookup Project Categories" userlevel="-2,&quot;Anonymous&quot;,0;0,&quot;Default&quot;,0;1,&quot;Managers&quot;,0;2,&quot;FLEs&quot;,109" priv="1"/>
<table id="lkp_status_categories" name="lkp_status_categories" caption="Lookup Status Categories" userlevel="-2,&quot;Anonymous&quot;,0;0,&quot;Default&quot;,0;1,&quot;Managers&quot;,0;2,&quot;FLEs&quot;,109" priv="1"/>
<table id="milestones" name="milestones" caption="Milestones" userlevel="-2,&quot;Anonymous&quot;,0;0,&quot;Default&quot;,0;1,&quot;Managers&quot;,0;2,&quot;FLEs&quot;,109" priv="1"/>
<table id="mtm_staff_class" name="mtm_staff_class" caption="Staff and Classes" userlevel="-2,&quot;Anonymous&quot;,0;0,&quot;Default&quot;,0;1,&quot;Managers&quot;,111;2,&quot;FLEs&quot;,109" priv="1"/>
<table id="mtm_staff_committee" name="mtm_staff_committee" caption="Staff and Committee" userlevel="-2,&quot;Anonymous&quot;,0;0,&quot;Default&quot;,0;1,&quot;Managers&quot;,0;2,&quot;FLEs&quot;,109" priv="1"/>
<table id="mtm_staff_project" name="mtm_staff_project" caption="Staff and Project" userlevel="-2,&quot;Anonymous&quot;,0;0,&quot;Default&quot;,0;1,&quot;Managers&quot;,0;2,&quot;FLEs&quot;,109" priv="1"/>
<table id="planned_leaves" name="planned leaves" caption="planned leaves" userlevel="-2,&quot;Anonymous&quot;,0;0,&quot;Default&quot;,0;1,&quot;Managers&quot;,0;2,&quot;FLEs&quot;,109" priv="1"/>
<table id="plannedleave" name="plannedleave" caption="Planned Leaves" userlevel="-2,&quot;Anonymous&quot;,0;0,&quot;Default&quot;,0;1,&quot;Managers&quot;,0;2,&quot;FLEs&quot;,109" priv="1"/>
<table id="project" name="project" caption="Project" userlevel="-2,&quot;Anonymous&quot;,0;0,&quot;Default&quot;,0;1,&quot;Managers&quot;,0;2,&quot;FLEs&quot;,109" priv="1"/>
<table id="projectdependency" name="projectdependency" caption="Project Dependency" userlevel="-2,&quot;Anonymous&quot;,0;0,&quot;Default&quot;,0;1,&quot;Managers&quot;,0;2,&quot;FLEs&quot;,109" priv="1"/>
<table id="projectmanager" name="projectmanager" caption="Project Manager" userlevel="-2,&quot;Anonymous&quot;,0;0,&quot;Default&quot;,0;1,&quot;Managers&quot;,0;2,&quot;FLEs&quot;,109" priv="1"/>
<table id="staff" name="staff" caption="Staff" userlevel="-2,&quot;Anonymous&quot;,0;0,&quot;Default&quot;,0;1,&quot;Managers&quot;,111;2,&quot;FLEs&quot;,109" priv="1"/>
<table id="staff_and_committee_view" name="staff and committee view" caption="staff and committee view" userlevel="-2,&quot;Anonymous&quot;,0;0,&quot;Default&quot;,0;1,&quot;Managers&quot;,0;2,&quot;FLEs&quot;,109" priv="1"/>
<table id="status" name="status" caption="Status" userlevel="-2,&quot;Anonymous&quot;,0;0,&quot;Default&quot;,0;1,&quot;Managers&quot;,111;2,&quot;FLEs&quot;,109" priv="1"/>
<table id="tpec" name="tpec" caption="TPEC" userlevel="-2,&quot;Anonymous&quot;,0;0,&quot;Default&quot;,0;1,&quot;Managers&quot;,0;2,&quot;FLEs&quot;,109" priv="1"/>
<table id="tpec_view" name="tpec view" caption="tpec view" userlevel="-2,&quot;Anonymous&quot;,0;0,&quot;Default&quot;,0;1,&quot;Managers&quot;,0;2,&quot;FLEs&quot;,109" priv="1"/>
<table id="tpecitems" name="tpecitems" caption="TPEC Items" userlevel="-2,&quot;Anonymous&quot;,0;0,&quot;Default&quot;,0;1,&quot;Managers&quot;,0;2,&quot;FLEs&quot;,109" priv="1"/>
<table id="vendor" name="vendor" caption="Vendor" userlevel="-2,&quot;Anonymous&quot;,0;0,&quot;Default&quot;,0;1,&quot;Managers&quot;,0;2,&quot;FLEs&quot;,109" priv="1"/>
<table id="vendoragreement" name="vendoragreement" caption="Vendor Agreements" userlevel="-2,&quot;Anonymous&quot;,0;0,&quot;Default&quot;,0;1,&quot;Managers&quot;,0;2,&quot;FLEs&quot;,109" priv="1"/>
<table id="vendorassessment" name="vendorassessment" caption="Vendor Assessments" userlevel="-2,&quot;Anonymous&quot;,0;0,&quot;Default&quot;,0;1,&quot;Managers&quot;,0;2,&quot;FLEs&quot;,109" priv="1"/>
<table id="vendorvariation" name="vendorvariation" caption="Variation Orders" userlevel="-2,&quot;Anonymous&quot;,0;0,&quot;Default&quot;,0;1,&quot;Managers&quot;,0;2,&quot;FLEs&quot;,109" priv="1"/>
<table id="view_staff_26_class" name="view staff &amp; class" caption="view staff &amp; class" userlevel="-2,&quot;Anonymous&quot;,0;0,&quot;Default&quot;,0;1,&quot;Managers&quot;,0;2,&quot;FLEs&quot;,109" priv="1"/>
<table id="Staff_Listing" name="Staff Listing" caption="Staff Listing" userlevel="-2,&quot;Anonymous&quot;,0;0,&quot;Default&quot;,0;1,&quot;Managers&quot;,0;2,&quot;FLEs&quot;,8" priv="1"/>
<table id="Staff_and_Class" name="Staff and Class" caption="Staff and Class" userlevel="-2,&quot;Anonymous&quot;,0;0,&quot;Default&quot;,0;1,&quot;Managers&quot;,0;2,&quot;FLEs&quot;,8" priv="1"/>
<table id="TPEC_Listing" name="TPEC Listing" caption="TPEC Listing" userlevel="-2,&quot;Anonymous&quot;,0;0,&quot;Default&quot;,0;1,&quot;Managers&quot;,0;2,&quot;FLEs&quot;,8" priv="1"/>
<table id="userlevelpermissions" name="userlevelpermissions" caption="userlevelpermissions" userlevel="-2,&quot;Anonymous&quot;,0;0,&quot;Default&quot;,0;1,&quot;Managers&quot;,0;2,&quot;FLEs&quot;,109" priv="1"/>
<table id="userlevels" name="userlevels" caption="userlevels" userlevel="-2,&quot;Anonymous&quot;,0;0,&quot;Default&quot;,0;1,&quot;Managers&quot;,0;2,&quot;FLEs&quot;,109" priv="1"/>
<table id="project_view" name="project view" caption="project view" userlevel="-2,&quot;Anonymous&quot;,0;0,&quot;Default&quot;,0;1,&quot;Managers&quot;,111;2,&quot;FLEs&quot;,109" priv="1"/>
<table id="Project_Listing" name="Project Listing" caption="Project Listing" userlevel="-2,&quot;Anonymous&quot;,0;0,&quot;Default&quot;,0;1,&quot;Managers&quot;,0;2,&quot;FLEs&quot;,109" priv="1"/>
</project></configuration>
